# O vocabulário dos nomes de alimentos: inglês -> português, segmento a segmento.
#
# Formato: ingles;portugues;tipo;genero;numero
#   tipo   nome | qualificador | expressao
#   genero m | f            (só nas bases; é delas que vem a concordância)
#   numero s | p            (idem)
#
# Os qualificadores guardam-se no masculino singular e flexionam-se sozinhos — ver
# `traduzir.mjs`. Um que fuja à regra escreve-se com as duas formas: `mau/má`.
#
# O que não está aqui não se inventa: o alimento fica em inglês, marcado, e vai para a fila
# da oficina. Meio traduzido é pior do que não traduzido.

# ---------------------------------------------------------------- estados e preparações
raw;cru/crua;qualificador;;
raw (average);cru (média)/crua (média);qualificador;;
uncooked;cru/crua;qualificador;;
cooked;cozinhado;qualificador;;
cooked (average);cozinhado (média);qualificador;;
boiled;cozido;qualificador;;
boiled/cooked in water;cozido em água;qualificador;;
braised or boiled;estufado ou cozido;qualificador;;
braised;estufado;qualificador;;
stewed;guisado;qualificador;;
steamed;cozido a vapor;qualificador;;
poached;escalfado;qualificador;;
roasted;assado;qualificador;;
roasted/baked;assado no forno;qualificador;;
baked;assado no forno;qualificador;;
grilled;grelhado;qualificador;;
grilled/pan-fried;grelhado ou salteado;qualificador;;
grilled/pan-fried without added fat;grelhado sem gordura;qualificador;;
broiled;grelhado;qualificador;;
fried;frito;qualificador;;
pre-fried;pré-frito;qualificador;;
deep-fried;frito em óleo;qualificador;;
sautéed/pan-fried;salteado;qualificador;;
pan-fried;salteado;qualificador;;
dry heat;calor seco;expressao;;
moist heat;calor húmido;expressao;;
toasted;torrado;qualificador;;
dry roasted;torrado a seco;qualificador;;
oil-roasted;torrado em óleo;qualificador;;
smoked;fumado;qualificador;;
cured;curado;qualificador;;
fermented;fermentado;qualificador;;
sprouted;germinado;qualificador;;
dried;seco;qualificador;;
dried or dehydrated;seco ou desidratado;qualificador;;
dehydrated;desidratado;qualificador;;
dehydrated and reconstituted;desidratado e reconstituído;qualificador;;
dry;seco;qualificador;;
frozen;congelado;qualificador;;
canned;em conserva;expressao;;
canned or bottled;em lata ou garrafa;expressao;;
canned in brine;em conserva de salmoura;expressao;;
canned in light syrup;em calda leve;expressao;;
in oil;em óleo;expressao;;
in tomato sauce;em molho de tomate;expressao;;
semi-preserved;semiconservado;qualificador;;
pasteurized;pasteurizado;qualificador;;
pasteurized process;processado e pasteurizado;expressao;;
uht;UHT;expressao;;
sterilized;esterilizado;qualificador;;
refrigerated;refrigerado;qualificador;;
room temperature;à temperatura ambiente;expressao;;
prepared;preparado;qualificador;;
pre-cooked;pré-cozinhado;qualificador;;
ready-to-eat;pronto a comer;expressao;;
ready-to-serve;pronto a servir;expressao;;
ready-to-drink;pronto a beber;expressao;;
ready-to-heat;pronto a aquecer;expressao;;
to be reheated;para aquecer;expressao;;
to cook;para cozinhar;expressao;;
reheated;reaquecido;qualificador;;
prepared from recipe;feito de raiz;expressao;;
prepared-from-recipe;feito de raiz;expressao;;
home-prepared;feito em casa;expressao;;
homemade;caseiro;qualificador;;
home-made;caseiro;qualificador;;
commercially prepared;de fabrico industrial;expressao;;
industrial;industrial;qualificador;;
prepacked;pré-embalado;qualificador;;
prepacked (average);pré-embalado (média);qualificador;;
from bakery;de padaria;expressao;;
from fast food;de restauração rápida;expressao;;
takeaway;para levar;expressao;;
prepared with water;preparado com água;expressao;;
prepared with equal volume water;preparado com igual volume de água;expressao;;
prepared with equal volume milk;preparado com igual volume de leite;expressao;;
prepared with whole milk;preparado com leite gordo;expressao;;
from concentrate;de concentrado;expressao;;
frozen concentrate;concentrado congelado;expressao;;
condensed;condensado;qualificador;;
brewed;infusionado;qualificador;;
filtered;filtrado;qualificador;;
instant;instantâneo;qualificador;;
dry mix;mistura seca;expressao;;
powder;em pó;expressao;;
puree;puré;expressao;;
ground;moído;qualificador;;
minced;picado;qualificador;;
in slices;às fatias;expressao;;
sliced;às fatias;expressao;;
peeled;descascado;qualificador;;
pitted;sem caroço;expressao;;
without seeds;sem grainhas;expressao;;
with seeds;com grainhas;expressao;;
drained;escorrido;qualificador;;
solids and liquids;com o líquido;expressao;;
breaded;panado;qualificador;;
filled;recheado;qualificador;;
seasoned;temperado;qualificador;;
flavoured;aromatizado;qualificador;;
sweetened;adoçado;qualificador;;
unsweetened;sem açúcar;expressao;;
salted;salgado;qualificador;;
half-salted;meio-salgado;qualificador;;
unsalted;sem sal;expressao;;
with salt;com sal;expressao;;
with salt added;com sal adicionado;expressao;;
without salt;sem sal;expressao;;
without salt added;sem sal adicionado;expressao;;
no added salt;sem sal adicionado;expressao;;
low sodium;baixo teor de sódio;expressao;;
low salt;pouco sal;expressao;;
with sugar(s);com açúcar;expressao;;
with sugar(s) and with sweetener(s);com açúcar e adoçante;expressao;;
with sweetener(s);com adoçante;expressao;;
no added sugars;sem açúcares adicionados;expressao;;
no added sugars and with sweetener(s);sem açúcares adicionados e com adoçante;expressao;;
reduced sugar;teor reduzido de açúcar;expressao;;
without added fat;sem gordura adicionada;expressao;;
reduced fat;teor reduzido de gordura;expressao;;
low fat;magro;qualificador;;
lowfat;magro;qualificador;;
fat-free;sem gordura;expressao;;
0% fat;0% de gordura;expressao;;
low calorie;baixo valor calórico;expressao;;
lean;magro;qualificador;;
whole;inteiro;qualificador;;
plain;natural;qualificador;;
regular;normal;qualificador;;
light;light;expressao;;
fresh;fresco;qualificador;;
mature;maduro;qualificador;;
wild;selvagem;qualificador;;
farmed;de aquacultura;expressao;;
enriched;enriquecido;qualificador;;
unenriched;não enriquecido;expressao;;
fortified with vitamins;enriquecido com vitaminas;expressao;;
fortified with vitamins and minerals;enriquecido com vitaminas e minerais;expressao;;
fortified with vitamin d;enriquecido com vitamina D;expressao;;
fortified with calcium;enriquecido com cálcio;expressao;;
not fortified;não enriquecido;expressao;;
gluten-free;sem glúten;expressao;;
gluten free;sem glúten;expressao;;
wholemeal;integral;qualificador;;
wholegrain;integral;qualificador;;
whole grain;integral;qualificador;;
whole wheat;de trigo integral;expressao;;
wholewheat;integral;qualificador;;
multigrain;multicereais;expressao;;
partially skimmed;meio-gordo;qualificador;;
semi-skimmed;meio-gordo;qualificador;;
skimmed;magro;qualificador;;
spreadable;para barrar;expressao;;
liquid;líquido;qualificador;;
fluid;líquido;qualificador;;
carbonated;com gás;expressao;;
still;sem gás;expressao;;
bottled;engarrafado;qualificador;;
imitation;imitação;expressao;;

# ------------------------------------------------------------------------------- carnes
beef;carne de vaca;nome;f;s
pork;carne de porco;nome;f;s
pork and beef;carne de porco e vaca;nome;f;s
pure pork;só de porco;expressao;;
veal;vitela;nome;f;s
calf;vitela;nome;f;s
lamb;borrego;nome;m;s
mutton;carneiro;nome;m;s
goat;cabra;nome;f;s
rabbit;coelho;nome;m;s
horse;cavalo;nome;m;s
ostrich;avestruz;nome;f;s
game meat;carne de caça;nome;f;s
meat;carne;nome;f;s
meat and skin;carne e pele;nome;f;s
poultry;aves;nome;f;p
chicken;frango;nome;m;s
turkey;peru;nome;m;s
duck;pato;nome;m;s
goose;ganso;nome;m;s
quail;codorniz;nome;f;s
breast;peito;nome;m;s
leg;perna;nome;f;s
thigh;coxa;nome;f;s
wing;asa;nome;f;s
shoulder;pá;nome;f;s
neck;pescoço;nome;m;s
chop;costeleta;nome;f;s
sirloin steak;bife do lombo;nome;m;s
topside;alcatra;nome;f;s
rib;costela;nome;f;s
liver;fígado;nome;m;s
kidney;rim;nome;m;s
heart;coração;nome;m;s
brain;miolos;nome;m;p
tongue;língua;nome;f;s
minced steak;carne picada;nome;f;s
meat balls;almôndegas;nome;f;p
ham;fiambre;nome;m;s
cooked ham;fiambre;nome;m;s
cured ham;presunto;nome;m;s
bacon;bacon;nome;m;s
sausage;salsicha;nome;f;s
dry sausage;chouriço;nome;m;s
salami;salame;nome;m;s
frankfurter;salsicha de Frankfurt;nome;f;s
merguez sausage;merguez;nome;f;s
rillettes;rillettes;nome;f;p
flesh and skin;carne e pele;nome;f;s
flesh without skin;carne sem pele;nome;f;s
without skin;sem pele;expressao;;
rind less defatted;sem courato e sem gordura;expressao;;

# -------------------------------------------------------------------------------- peixe
fish;peixe;nome;m;s
salmon;salmão;nome;m;s
tuna;atum;nome;m;s
cod;bacalhau;nome;m;s
anchovy;anchova;nome;f;s
atlantic herring;arenque;nome;m;s
european pilchard or sardine;sardinha;nome;f;s
mackerel;cavala;nome;f;s
common sole;linguado;nome;m;s
shrimp or prawn;camarão;nome;m;s
fillet;filete;nome;m;s
fillets;filetes;nome;m;p
flesh;carne;nome;f;s

# --------------------------------------------------------------------- leite e derivados
milk;leite;nome-de;m;s
from cow's milk;de leite de vaca;expressao;;
from goat's milk;de leite de cabra;expressao;;
from ewe's milk;de leite de ovelha;expressao;;
ewe's milk;leite de ovelha;nome;m;s
fermented milk;leite fermentado;nome;m;s
fermented milk drink;bebida de leite fermentado;nome;f;s
yogurt;iogurte;nome;m;s
yogurt or fermented milk;iogurte ou leite fermentado;nome;m;s
yogurt type with bifidus;iogurte com bífidus;nome;m;s
cheese;queijo;nome;m;s
processed cheese;queijo fundido;nome;m;s
fresh cream cheese;queijo creme fresco;nome;m;s
uncured soft cheese;queijo fresco;nome;m;s
mimolette cheese;queijo mimolette;nome;m;s
quark;quark;nome;m;s
quark or dairy specialty;quark ou especialidade láctea;nome;m;s
petit-suisse type;tipo petit-suisse;expressao;;
cream;natas;nome-de;f;p
with cream;com natas;expressao;;
butter;manteiga;nome;f;s
pure butter;manteiga pura;nome;f;s
egg;ovo;nome;m;s
ice cream;gelado;nome;m;s
ice creams;gelados;nome;m;p
custard dessert;pudim;nome;m;s
soy dessert;sobremesa de soja;nome;f;s

# ----------------------------------------------------------------- pão, massa e cereais
bread;pão;nome;m;s
french bread;pão de trigo;nome;m;s
baguette;baguete;nome;f;s
sandwich loaf;pão de forma;nome;m;s
wholemeal bread;pão integral;nome;m;s
brioche;brioche;nome;m;s
rolls;papo-secos;nome;m;p
rusk;tosta;nome;f;s
crispbread;tosta estaladiça;nome;f;s
pasta;massa;nome;f;s
fresh pasta;massa fresca;nome;f;s
noodles;massa;nome;f;s
spaghetti;esparguete;nome;m;s
rice;arroz;nome;m;s
wheat;trigo;nome;m;s
wheat flour;farinha de trigo;nome;f;s
rye flour;farinha de centeio;nome;f;s
oat;aveia;nome;f;s
corn;milho;nome;m;s
breakfast cereals;cereais de pequeno-almoço;nome;m;p
cereals ready-to-eat;cereais prontos a comer;nome;m;p
popcorn;pipocas;nome;f;p
tortilla chips;tortilhas;nome;f;p
pancake;panqueca;nome;f;s
crepe or buckwheat pancake;crepe;nome;m;s
puff pastry;massa folhada;nome;f;s
short crust pastry;massa quebrada;nome;f;s
shortbread dough;massa areada;nome;f;s
pizza;pizza;nome;f;s
sandwich;sanduíche;nome;f;s
pie;tarte;nome;f;s
cake;bolo;nome;m;s
soft cake;bolo fofo;nome;m;s
muffins;queques;nome;m;p
doughnuts;donuts;nome;m;p
cookie;bolacha;nome;f;s
cookies;bolachas;nome;f;p
biscuit;bolacha;nome;f;s
biscuit (cookie);bolacha;nome;f;s
wafer biscuit;bolacha de wafer;nome;f;s
crackers;bolachas de água e sal;nome;f;p
chocolate chip;com pepitas de chocolate;expressao;;
with creme filling;com recheio de creme;expressao;;

# --------------------------------------------------------------------- fruta e legumes
fruit;fruta;nome;f;s
fruits;frutos;nome;m;p
with fruits;com fruta;expressao;;
with fruits or flavoured;com fruta ou aromatizado;expressao;;
on a fruit layer;sobre camada de fruta;expressao;;
stewed fruits;compota de fruta;nome;f;s
fruit cocktail or salad;salada de fruta;nome;f;s
apple;maçã;nome;f;s
pear;pera;nome;f;s
peach;pêssego;nome;m;s
apricot;alperce;nome;m;s
cherry;cereja;nome;f;s
strawberry;morango;nome;m;s
raspberry;framboesa;nome;f;s
blueberry;mirtilo;nome;m;s
grape;uva;nome;f;s
raisin;passa;nome;f;s
orange;laranja;nome;f;s
lemon;limão;nome;m;s
pineapple;ananás;nome;m;s
banana;banana;nome;f;s
melon;melão;nome;m;s
olive;azeitona;nome;f;s
coconut;coco;nome;m;s
chayote;chuchu;nome;m;s
vegetables;produtos hortícolas;nome;m;p
vegetable;produto hortícola;nome;m;s
raw vegetables and mayonnaise;legumes crus com maionese;expressao;;
potato;batata;nome;f;s
potatoes;batatas;nome;f;p
potato chips;batatas fritas;nome;f;p
tomato;tomate;nome;m;s
onion;cebola;nome;f;s
carrot;cenoura;nome;f;s
spinach;espinafres;nome;m;p
broccoli;brócolos;nome;m;p
asparagus;espargos;nome;m;p
artichoke;alcachofra;nome;f;s
cucumber;pepino;nome;m;s
courgette or zucchini;courgette;nome;f;s
pumpkin;abóbora;nome;f;s
squash;abóbora;nome;f;s
fennel;funcho;nome;m;s
salsify;cerefólio;nome;m;s
sweet pepper;pimento;nome;m;s
peppers;pimentos;nome;m;p
mushroom;cogumelo;nome;m;s
mushrooms;cogumelos;nome;m;p
button mushroom or cultivated mushroom;cogumelo branco;nome;m;s
seaweed;alga;nome;f;s
beans;feijões;nome;m;p
french bean;feijão-verde;nome;m;s
flageolet bean;feijão-frade;nome;m;s
broad bean;fava;nome;f;s
garden peas;ervilhas;nome;f;p
lentil;lentilha;nome;f;s
soybean;soja;nome;f;s
tofu;tofu;nome;m;s
mature seeds;grão maduro;expressao;;

# ------------------------------------------------------------ frutos secos e sementes
nuts;frutos secos;nome;m;p
almond;amêndoa;nome;f;s
almonds;amêndoas;nome;f;p
peanut;amendoim;nome;m;s
peanuts;amendoins;nome;m;p
peanut butter;manteiga de amendoim;nome;f;s
sunflower;girassol;nome;m;s
seed;semente;nome;f;s
seeds;sementes;nome;f;p

# --------------------------------------------------------------------------- bebidas
water;água;nome;f;s
beverages;bebidas;nome;f;p
alcoholic beverage;bebida alcoólica;nome;f;s
beer;cerveja;nome;f;s
wine;vinho;nome;m;s
cider;sidra;nome;f;s
cocktail;cocktail;nome;m;s
coffee;café;nome;m;s
soy drink;bebida de soja;nome;f;s
baby milk;leite para lactentes;nome;m;s
pure juice;sumo puro;nome;m;s
orange juice;sumo de laranja;nome;m;s
pineapple juice;sumo de ananás;nome;m;s
grape juice;sumo de uva;nome;m;s
multifruit juice;sumo multifrutos;nome;m;s
multifruit nectar;néctar multifrutos;nome;m;s
lemonade;limonada;nome;f;s
still soft drink;refrigerante sem gás;nome;m;s
still soft drink with tea extract;refrigerante de chá;nome;m;s
carbonated beverage or fruit soft drink;refrigerante;nome;m;s
energy drink;bebida energética;nome;f;s
cola;cola;nome;f;s
syrup;xarope;nome-de;m;s
syrups;xaropes;nome;m;p
lightly mineralized;pouco mineralizada;expressao;;
very lightly mineralized;muito pouco mineralizada;expressao;;
averagely mineralized;medianamente mineralizada;expressao;;
strongly mineralized;muito mineralizada;expressao;;

# ------------------------------------------------------------ molhos, gorduras e doces
sauce;molho;nome-de;m;s
with sauce;com molho;expressao;;
tomato sauce;molho de tomate;nome;m;s
gravy;molho de assado;nome;m;s
broth or stock;caldo;nome;m;s
soup;sopa;nome-de;f;s
mayonnaise;maionese;nome;f;s
salad dressing;molho para salada;nome;m;s
salad or cooking;para salada ou para cozinhar;expressao;;
vinegar;vinagre;nome;m;s
oil;óleo;nome-de;m;s
olive oil;azeite;nome;m;s
margarine-like;tipo margarina;expressao;;
shortening;gordura de pastelaria;nome;f;s
spreadable fat > 41% fat and <= 62% fat;creme para barrar com 41% a 62% de gordura;expressao;;
salt;sal;nome;m;s
spices;especiarias;nome;f;p
sugar;açúcar;nome;m;s
jam;doce;nome;m;s
chocolate;chocolate;nome;m;s
milk chocolate;chocolate de leite;nome;m;s
dark chocolate;chocolate negro;nome;m;s
with chocolate;com chocolate;expressao;;
with chocolate covering;com cobertura de chocolate;expressao;;
chocolate-coated;coberto de chocolate;qualificador;;
candies;rebuçados;nome;m;p
bar;barra;nome;f;s
stick;palito;nome;m;s
snacks;snacks;nome;m;p
salty snacks;snacks salgados;nome;m;p
frozen novelties;gelados de pau;nome;m;p
frozen entree;prato congelado;nome;m;s
baby meal;refeição para bebé;nome;f;s
from 4/6 months;a partir dos 4 a 6 meses;expressao;;

# ------------------------------------------------------------------------------- cores
white;branco;qualificador;;
red;tinto;qualificador;;
green;verde;qualificador;;
yellow;amarelo;qualificador;;
black;preto;qualificador;;
dark;escuro;qualificador;;
sweet;doce;qualificador;;
hard;duro;qualificador;;
vanilla;baunilha;expressao;;
cinnamon;canela;expressao;;
japanese;japonês;qualificador;;
mexican;mexicano;qualificador;;
american;americano;qualificador;;
all types;todos os tipos;expressao;;
superior quality;qualidade superior;expressao;;
standard;padrão;expressao;;

# ============================================================ segundo lote (2026-08-24)
#
# Palavras soltas, escolhidas por quantos segmentos compostos desbloqueiam. A regra de
# composição em `traduzir.mjs` transforma cada par destes em dezenas de segmentos: «broth»
# mais «chicken» dá «caldo de frango» sem ninguém o escrever.

# --------------------------------------------------------------------------- estruturas
juice;sumo;nome-de;m;s
nectar;néctar;nome-de;m;s
drink;bebida;nome-de;f;s
beverage;bebida;nome-de;f;s
soda;refrigerante;nome;m;s
punch;ponche;nome;m;s
tea;chá;nome-de;m;s
cocoa;cacau;nome-de;m;s
extract;extrato;nome-de;m;s
concentrate;concentrado;nome-de;m;s
broth;caldo;nome-de;m;s
stock;caldo;nome-de;m;s
stew;guisado;nome;m;s
soups;sopas;nome;f;p
salad;salada;nome-de;f;s
dressing;molho;nome-de;m;s
spread;pasta para barrar;nome-de;f;s
dip;molho de mergulhar;nome;m;s
topping;cobertura;nome-de;f;s
coating;cobertura;nome-de;f;s
filling;recheio;nome-de;m;s
crust;base;nome;f;s
dough;massa;nome-de;f;s
pastry;massa;nome-de;f;s
batter;polme;nome;m;s
flour;farinha;nome-de;f;s
bran;farelo;nome-de;m;s
meal;farinha grossa;nome-de;f;s
starch;amido;nome-de;m;s
grain;grão;nome;m;s
kernel;grão;nome;m;s
cereal;cereal;nome;m;s
cereals;cereais;nome;m;p
flakes;flocos;nome;m;p
mix;mistura;nome-de;f;s
substitute;substituto;nome-de;m;s
protein;proteína;nome-de;f;s
sweetener;adoçante;nome;m;s
sweeteners;adoçantes;nome;m;p
sugars;açúcares;nome;m;p
honey;mel;nome;m;s
jelly;geleia;nome-de;f;s
compote;compota;nome-de;f;s
mousse;mousse;nome-de;f;s
pudding;pudim;nome-de;m;s
custard;creme;nome-de;m;s
dessert;sobremesa;nome-de;f;s
desserts;sobremesas;nome;f;p
candy;rebuçado;nome;m;s
caramel;caramelo;nome;m;s
pralin;praliné;nome;m;s
wafers;wafers;nome;m;p
cracker;bolacha de água e sal;nome;f;s
toast;tosta;nome;f;s
loaf;pão de forma;nome;m;s
roll;papo-seco;nome;m;s
croissant;croissant;nome;m;s
sponge;pão de ló;nome;m;s
cakes;bolos;nome;m;p
pie;tarte;nome;f;s
gratin;gratinado;nome;m;s
omelette;omelete;nome;f;s
quenelle;quenelle;nome;f;s
croquette;croquete;nome;m;s
nuggets;nuggets;nome;m;p
skewer;espetada;nome;f;s
hamburger;hambúrguer;nome;m;s
sticks;palitos;nome;m;p
chips;batatas fritas;nome;f;p
snack;snack;nome;m;s
food;alimento;nome;m;s
entree;prato principal;nome;m;s
pieces;pedaços;nome;m;p
piece;pedaço;nome;m;s
slice;fatia;nome;f;s
slices;fatias;nome;f;p
half;metade;nome;f;s
portion;porção;nome;f;s
serving;dose;nome;f;s

# ----------------------------------------------------------------------------- géneros
bean;feijão;nome;m;s
pea;ervilha;nome;f;s
soy;soja;nome;f;s
sesame;sésamo;nome;m;s
nut;fruto seco;nome;m;s
hazelnut;avelã;nome;f;s
cashew;caju;nome;m;s
chestnut;castanha;nome;f;s
walnut;noz;nome;f;s
pistachio;pistácio;nome;m;s
palm;palma;nome;f;s
cottonseed;semente de algodão;nome;f;s
barley;cevada;nome;f;s
rye;centeio;nome;m;s
buckwheat;trigo-sarraceno;nome;m;s
couscous;cuscuz;nome;m;s
vermicelli;aletria;nome;f;s
noodle;massa;nome;f;s
granola;granola;nome;f;s
muesli;muesli;nome;m;s
malt;malte;nome;m;s
yeast;levedura;nome;f;s
gluten;glúten;nome;m;s

# ---------------------------------------------------------------- legumes, fruta, carne
cabbage;couve;nome;f;s
lettuce;alface;nome;f;s
leek;alho-francês;nome;m;s
celery;aipo;nome;m;s
garlic;alho;nome;m;s
chicory;chicória;nome;f;s
chili;malagueta;nome;f;s
pepper;pimenta;nome;f;s
mustard;mostarda;nome;f;s
mint;hortelã;nome;f;s
taro;taro;nome;m;s
yam;inhame;nome;m;s
plum;ameixa;nome;f;s
cranberry;arando;nome;m;s
grapefruit;toranja;nome;f;s
mango;manga;nome;f;s
raisins;passas;nome;f;p
pulp;polpa;nome;f;s
stalk;caule;nome;m;s
steak;bife;nome;m;s
loin;lombo;nome;m;s
roast;assado;nome;m;s
escalope;escalope;nome;m;s
lardoons;toucinho aos cubos;nome;m;s
bratwurst;salsicha alemã;nome;f;s
foie gras;foie gras;nome;m;s
trout;truta;nome;f;s
seabream;dourada;nome;f;s
bass;robalo;nome;m;s
oyster;ostra;nome;f;s
lobster;lavagante;nome;m;s
shrimp;camarão;nome;m;s
cheddar;queijo cheddar;nome;m;s
mozzarella;mozzarella;nome;f;s
cottage;requeijão;nome;m;s
margarine;margarina;nome;f;s
alcohol;álcool;nome;m;s
whiskey;whisky;nome;m;s
calcium;cálcio;nome;m;s
sodium;sódio;nome;m;s
multivitamin;multivitamínico;nome;m;s
baby;bebé;nome;m;s
table;mesa;nome;f;s
sea;mar;nome;m;s
spring;nascente;nome;f;s
mineral;mineral;qualificador;;
variety;variedade;nome;f;s
style;estilo;nome;m;s
type;tipo;nome;m;s
flavor;sabor;nome;m;s
flavour;sabor;nome;m;s
average;média;nome;f;s

# ------------------------------------------------------------------------ qualificadores
mashed;em puré;expressao;;
grated;ralado;qualificador;;
marinated;marinado;qualificador;;
pickled;em vinagre;expressao;;
puffed;insuflado;qualificador;;
extruded;extrudido;qualificador;;
hydrogenated;hidrogenado;qualificador;;
partially;parcialmente;expressao;;
defatted;sem gordura;expressao;;
nonfat;sem gordura;expressao;;
reduced calorie;valor calórico reduzido;expressao;;
reduced;reduzido;qualificador;;
rich;rico;qualificador;;
rich in fibre;rico em fibra;expressao;;
sour;azedo;qualificador;;
thick;espesso;qualificador;;
thin;fino;qualificador;;
firm;firme;qualificador;;
soft;mole;qualificador;;
soft-ripened;de pasta mole;expressao;;
cold;frio;qualificador;;
hot;quente;qualificador;;
round;redondo;qualificador;;
brown;castanho;qualificador;;
blue;azul;qualificador;;
pink;rosa;expressao;;
salty;salgado;qualificador;;
vegetarian;vegetariano;qualificador;;
plant-based;de origem vegetal;expressao;;
based;à base;expressao;;
made;feito;qualificador;;
free;sem;expressao;;
sugar free;sem açúcar;expressao;;
high;alto;qualificador;;
low;baixo;qualificador;;
added;adicionado;qualificador;;
mixed;misturado;qualificador;;
special;especial;qualificador;;
original;original;qualificador;;
common;comum;qualificador;;
unknown;desconhecido;qualificador;;
fully;totalmente;expressao;;
french;francês;qualificador;;
english;inglês;qualificador;;
italian;italiano;qualificador;;
chinese;chinês;qualificador;;
swiss;suíço;qualificador;;
danish;dinamarquês;qualificador;;
european;europeu;qualificador;;
viennese;vienense;qualificador;;

# ============================================================== porções domésticas
#
# Os rótulos com que a tabela do FoodData Central descreve uma porção. A chávena
# americana são 240 ml e a portuguesa ronda os 200: escreve-se o volume ao lado, porque o
# peso em gramas é exacto e o rótulo é só o que se lê.

cup;chávena (240 ml);nome;f;s
cup (8 fl oz);chávena (240 ml);nome;f;s
cup (4 fl oz);meia chávena;nome;f;s
cup (1 nlea serving);chávena (240 ml);nome;f;s
nlea serving;dose de rótulo;nome;f;s
tbsp;colher de sopa;nome;f;s
tablespoon;colher de sopa;nome;f;s
tsp;colher de chá;nome;f;s
teaspoon;colher de chá;nome;f;s
scoop;bola;nome;f;s
jar;frasco;nome;m;s
can;lata;nome;f;s
package;embalagem;nome;f;s
packet;saqueta;nome;f;s
container;recipiente;nome;m;s
item;unidade;nome;f;s
unit;unidade;nome;f;s
patty;hambúrguer;nome;m;s
drumstick;perna de frango;nome;f;s
head;cabeça;nome;f;s
ear;espiga;nome;f;s
leaf;folha;nome;f;s
halves;metades;nome;f;p
cubes;cubos;nome;m;p
large;unidade grande;nome;f;s
medium;unidade média;nome;f;s
small;unidade pequena;nome;f;s
chopped;picado;qualificador;;
diced;aos cubos;expressao;;
chopped or diced;picado ou aos cubos;expressao;;
shredded;ralado;qualificador;;
crushed;esmagado;qualificador;;
cup slices;chávena de fatias;nome;f;s

# ============================================================ terceiro lote (2026-08-24)
#
# A cauda achatou: cada segmento vale três ou quatro alimentos. O que se ganha agora ganha-se
# a volume, e a regra de composição multiplica cada palavra solta por dezenas de compostos.

# ------------------------------------------------------------------------ peixe e marisco
haddock;arinca;nome;f;s
whiting;badejo;nome;m;s
turbot;pregado;nome;m;s
carp;carpa;nome;f;s
eel;enguia;nome;f;s
crab;caranguejo;nome;m;s
crayfish;lagostim;nome;m;s
albacore;atum-voador;nome;m;s
european plaice;solha;nome;f;s
gilthead seabream;dourada;nome;f;s
horse mackerel;carapau;nome;m;s
cod liver;fígado de bacalhau;nome;m;s
egg white;clara de ovo;nome;f;s
egg yolk;gema de ovo;nome;f;s

# ---------------------------------------------------------------------- carne e enchidos
bologna;mortadela;nome;f;s
kielbasa;chouriço polaco;nome;m;s
beerwurst;salsicha de cerveja;nome;f;s
venison;veado;nome;m;s
emu;ema;nome;f;s
hen;galinha;nome;f;s
guinea fowl;galinha-do-mato;nome;f;s
belly;barriga;nome;f;s
tenderloin;lombinho;nome;m;s
rib steak;bife da vazia;nome;m;s
bolar-blade;pá do cachaço;nome;f;s
sweetbread;moleja;nome;f;s
chitterling sausage;tripa enchida;nome;f;s
dry-cured ham;presunto;nome;m;s
foie gras block;bloco de foie gras;nome;m;s
fat and bone;com gordura e osso;expressao;;
meat and poultry;carne e aves;nome;f;s
beef and pork;carne de vaca e porco;nome;f;s
ham and cheese;fiambre e queijo;nome;m;s

# ------------------------------------------------------------------------------- legumes
cauliflower;couve-flor;nome;f;s
brussels sprout;couve-de-bruxelas;nome;f;s
okra;quiabo;nome;m;s
celeriac;aipo-rábano;nome;m;s
celery stalk;talo de aipo;nome;m;s
watercress;agrião;nome;m;s
eggplant;beringela;nome;f;s
beets;beterrabas;nome;f;p
turnip;nabo;nome;m;s
red kuri squash;abóbora-menina;nome;f;s
chick pea;grão-de-bico;nome;m;s
haricot bean;feijão-branco;nome;m;s
butter bean or yellow bean;feijão-manteiga;nome;m;s
shiitake;shiitake;nome;m;s
dill;endro;nome;m;s
mashed potatoes;puré de batata;nome;m;s
french fries or chips;batatas fritas;nome;f;p
crisps;batatas fritas de pacote;nome;f;p
pickles;pickles;nome;m;p

# --------------------------------------------------------------------------- fruta e mais
blackberry;amora;nome;f;s
coconut meat;polpa de coco;nome;f;s
cashew nut;castanha de caju;nome;f;s
cashew nuts;castanhas de caju;nome;f;p
hazelnuts or filberts;avelãs;nome;f;p
flaxseed;linhaça;nome;f;s
sesame seed;semente de sésamo;nome;f;s
sesame butter;pasta de sésamo;nome;f;s
tahini;tahini;nome;m;s
wheat germ;germe de trigo;nome;m;s
hemp;cânhamo;nome;m;s
quinoa;quinoa;nome;f;s
spelt;espelta;nome;f;s
oatmeal;papas de aveia;nome;f;p
corn flakes;flocos de milho;nome;m;p
cornmeal;farinha de milho grossa;nome;f;s
couscous grain;sémola de cuscuz;nome;f;s
matzo;pão ázimo;nome;m;s
croutons;croutons;nome;m;p
gnocchi;nhoque;nome;m;s
tortillas;tortilhas;nome;f;p
bagels;bagels;nome;m;p
waffles;waffles;nome;f;p
brownies;brownies;nome;m;p
gingerbread;pão de especiarias;nome;m;s
cheesecake;cheesecake;nome;m;s
shortbread;bolacha amanteigada;nome;f;s
biscuit shortbread;bolacha amanteigada;nome;f;s
butter biscuit (cookie);bolacha de manteiga;nome;f;s
breakfast biscuit (cookie);bolacha de pequeno-almoço;nome;f;s
chocolate sandwich;bolacha recheada de chocolate;nome;f;s
granola bars;barras de granola;nome;f;p
fruit leather;rolo de fruta;nome;m;s
chewing gum;pastilha elástica;nome;f;s
chewy candy;caramelo mastigável;nome;m;s
chocolate confectionery;confeitaria de chocolate;nome;f;s
sorbet;sorvete;nome;m;s
soft-serve;gelado de máquina;nome;m;s
ice cream bar;gelado de pau;nome;m;s
ice cream sandwich;sanduíche de gelado;nome;f;s
frozen yogurts;iogurtes gelados;nome;m;p
gelatin desserts;gelatinas;nome;f;p
egg custards;leites-creme;nome;m;p
flan;pudim flan;nome;m;s
frostings;coberturas;nome;f;p
pie crust;base de tarte;nome;f;s
fried pies;empadas fritas;nome;f;p
falafel;falafel;nome;m;s
burrito;burrito;nome;m;s
cheeseburger;cheeseburger;nome;m;s
egg roll or nem;crepe chinês;nome;m;s
minestrone;minestrone;nome;f;s
chicken noodle;galinha com massa;nome;f;s
meal replacement;substituto de refeição;nome;m;s

# ------------------------------------------------------------------- lacticínios e queijos
soymilk;bebida de soja;nome;f;s
nonfat milk;leite magro;nome;m;s
half and half;natas leves;nome;f;p
cream and similar;natas e similares;nome;f;p
creamed;com natas;expressao;;
raclette cheese;queijo raclette;nome;m;s
camembert cheese;queijo camembert;nome;m;s
cantal cheese;queijo cantal;nome;m;s
emmental cheese;queijo emmental;nome;m;s
tomme cheese;queijo tomme;nome;m;s
feta-type cheese;queijo tipo feta;nome;m;s
soft-ripened cheese;queijo de pasta mole;nome;m;s
drained soft fresh cheese;queijo fresco escorrido;nome;m;s
cheese food;preparado de queijo;nome;m;s
greek-style;tipo grego;expressao;;
with l casei;com L. casei;expressao;;

# ------------------------------------------------------------------------------- bebidas
liqueur;licor;nome;m;s
distilled;destilado;qualificador;;
tonic drink;água tónica;nome;f;s
fruit punch drink;ponche de fruta;nome;m;s
cranberry juice cocktail;sumo de arando;nome;m;s
lime juice;sumo de lima;nome;m;s
whiskey sour;whisky sour;nome;m;s
carbonated beverage;bebida com gás;nome;f;s
carbonated beverage or soft drink;refrigerante;nome;m;s
cocoa or chocolate powder;cacau em pó;nome;m;s

# ------------------------------------------------------------------ estados e preparações
microwaved;no micro-ondas;expressao;;
microwave;no micro-ondas;expressao;;
unheated;não aquecido;expressao;;
heated;aquecido;qualificador;;
fully cooked;bem cozinhado;expressao;;
unprepared;por preparar;expressao;;
prepared from mix;preparado de mistura;expressao;;
made from dried potatoes;feito de batata desidratada;expressao;;
made from wheat;de trigo;expressao;;
boiled and steamed;cozido e a vapor;expressao;;
extruded and grilled;extrudido e grelhado;expressao;;
oil roasted;torrado em óleo;expressao;;
freeze-dried;liofilizado;qualificador;;
dried (desiccated);seco;qualificador;;
dried (prunes);seco;qualificador;;
brined;em salmoura;expressao;;
blanched;branqueado;qualificador;;
chilled;refrigerado;qualificador;;
fresh-refrigerated;fresco refrigerado;expressao;;
degermed;sem gérmen;expressao;;
refined;refinado;qualificador;;
crude;bruto;qualificador;;
partially defatted;parcialmente desengordurado;expressao;;
fully hydrogenated;totalmente hidrogenado;expressao;;
as purchased;tal como se compra;expressao;;
drained solids;escorrido;qualificador;;
drained (average);escorrido (média);qualificador;;
boiled/cooked in water (average);cozido em água (média);qualificador;;
unsalted (average);sem sal (média);expressao;;
canned in syrup;em calda;expressao;;
in light syrup;em calda leve;expressao;;
in box;em caixa;expressao;;
chunk style;aos pedaços;expressao;;
cake-type;tipo bolo;expressao;;
no-bake type;sem ir ao forno;expressao;;
soft-type;de pasta mole;expressao;;
standard snack-type;tipo aperitivo;expressao;;
puffed salty snacks;aperitivos insuflados;nome;m;p
special dietary;dietético;qualificador;;
meatless;sem carne;expressao;;
fat free;sem gordura;expressao;;
no sugar added;sem açúcar adicionado;expressao;;
with added nutrients;com nutrientes adicionados;expressao;;
with added ascorbic acid;com ácido ascórbico adicionado;expressao;;
fortified with vitamin(s);enriquecido com vitaminas;expressao;;
fortified with calcium and vitamin d;enriquecido com cálcio e vitamina D;expressao;;
rich in omega 3;rico em ómega 3;expressao;;
with honey or caramel;com mel ou caramelo;expressao;;
with peanut butter filling;com recheio de manteiga de amendoim;expressao;;
filled with praliné;recheado de praliné;expressao;;
chocolate covered;coberto de chocolate;qualificador;;
without rind;sem casca;expressao;;
with vegetal fat;com gordura vegetal;expressao;;
vegetable oil spread;creme vegetal para barrar;nome;m;s
table blends;mistura de mesa;nome;f;s
leavening agents;levedantes;nome;m;p
whole-wheat;integral;qualificador;;
whole-grain;integral;qualificador;;
ready to drink;pronto a beber;expressao;;
ready to serve;pronto a servir;expressao;;
ready-to-bake or -fry;pronto a assar ou fritar;expressao;;
plain or flavoured;natural ou aromatizado;expressao;;
made with low fat (2%) milk;feito com leite meio-gordo;expressao;;
seasonned;temperado;qualificador;;
flavored;aromatizado;qualificador;;

# ============================================================== quarto lote (2026-08-24)
#
# Palavras soltas, outra vez por ordem do que desbloqueiam. A regra de composição faz o resto:
# cada nome novo aqui vale por dezenas de compostos que ninguém tem de escrever.

# ------------------------------------------------------------------------ peixe e marisco
pollock;escamudo;nome;m;s
saithe;escamudo-preto;nome;m;s
hake;pescada;nome;f;s
halibut;alabote;nome;m;s
swordfish;espadarte;nome;m;s
anglerfish;tamboril;nome;m;s
mahimahi;dourado-do-mar;nome;m;s
perch;perca;nome;f;s
ray;raia;nome;f;s
sole;linguado;nome;m;s
ling;maruca;nome;f;s
nectarine;nectarina;nome;f;s
mussel;mexilhão;nome;m;s
mussels;mexilhões;nome;m;p
scallop;vieira;nome;f;s
squid;lula;nome;f;s
surimi;surimi;nome;m;s
roe;ovas;nome;f;p
caviar;caviar;nome;m;s
seafood;marisco;nome;m;s
coral;coral;nome;m;s
filet;filete;nome;m;s
snow crab;caranguejo-das-neves;nome;m;s

# ----------------------------------------------------------------------- carne e enchidos
mortadella;mortadela;nome;f;s
pate;paté;nome;m;s
terrine;terrina;nome;f;s
saveloy;paio;nome;m;s
schnitzel;escalope panado;nome;m;s
pheasant;faisão;nome;m;s
pigeon;pombo;nome;m;s
sheep;ovelha;nome;f;s
chuck;acém;nome;m;s
rump;alcatra;nome;f;s
flank;aba;nome;f;s
knuckle;ganso;nome;m;s
saddle;sela;nome;f;s
blood;sangue;nome;m;s
burger;hambúrguer;nome;m;s
tenders;tirinhas;nome;f;p
stuffing;recheio;nome;m;s
stuffed;recheado;qualificador;;

# --------------------------------------------------------------------- legumes e cereais
kale;couve-galega;nome;f;s
chard;acelga;nome;f;s
shallot;chalota;nome;f;s
radish;rabanete;nome;m;s
beetroot;beterraba;nome;f;s
rhubarb;ruibarbo;nome;m;s
plantain;banana-pão;nome;f;s
breadfruit;fruta-pão;nome;f;s
cassava;mandioca;nome;f;s
tapioca;tapioca;nome;f;s
bulgur;bulgur;nome;m;s
semolina;sémola;nome;f;s
durum;trigo duro;nome;m;s
millet;milho-painço;nome;m;s
sorghum;sorgo;nome;m;s
spirulina;espirulina;nome;f;s
macaroni;macarrão;nome;m;s
tagliatelle;tagliatelle;nome;f;p
ramen;ramen;nome;m;s
risotto;risoto;nome;m;s
pita;pão pita;nome;m;s
graham;graham;expressao;;
panini;panini;nome;m;s
wrap;wrap;nome;m;s
crepe;crepe;nome;m;s
muffin;queque;nome;m;s
madeleine;madalena;nome;f;s
waffle;waffle;nome;f;s
wafer;wafer;nome;m;s
meringue;merengue;nome;m;s
nougat;nougat;nome;m;s
butterscotch;caramelo de manteiga;nome;m;s
marmalade;marmelada;nome;f;s
fritter;filhó;nome;f;s
coleslaw;salada de couve;nome;f;s
pesto;pesto;nome;m;s
ketchup;ketchup;nome;m;s
curry;caril;nome;m;s
seasoning;tempero;nome;m;s
herbs;ervas;nome;f;p
parsley;salsa;nome;f;s
sage;salva;nome;f;s
coriander;coentros;nome;m;p
ginger;gengibre;nome;m;s
pine nut;pinhão;nome;m;s
pecan;noz-pecã;nome;f;s
pecans;nozes-pecã;nome;f;p
macadamia;macadâmia;nome;f;s
mung;mungo;nome;m;s
pomegranate;romã;nome;f;s
mandarin;tangerina;nome;f;s
prune;ameixa seca;nome;f;s
fig;figo;nome;m;s
root;raiz;nome;f;s
shoots;rebentos;nome;m;p
kernels;grãos;nome;m;p
paste;pasta;nome;f;s

# ------------------------------------------------------------------------------- queijos
gouda;queijo gouda;nome;m;s
gruyere;queijo gruyère;nome;m;s
provolone;queijo provolone;nome;m;s
colby;queijo colby;nome;m;s
saint-nectaire;queijo saint-nectaire;nome;m;s
queso;queijo;nome;m;s
rennin;coalho;nome;m;s
rind;casca;nome;f;s
buttermilk;leitelho;nome;m;s
creme;creme;nome;m;s
creamy;cremoso;qualificador;;

# ------------------------------------------------------------------------------- bebidas
rum;rum;nome;m;s
madeira;vinho da Madeira;nome;m;s
sparkling;espumante;qualificador;;
alcoholic;alcoólico;qualificador;;
alcohol-free;sem álcool;expressao;;
caffeine;cafeína;nome;f;s
tap;da torneira;expressao;;
diluted;diluído;qualificador;;
reconstituted;reconstituído;qualificador;;
powdered;em pó;expressao;;

# ------------------------------------------------------------------------ formas e estados
puff;folhado;nome;m;s
cone;cone;nome;m;s
cube;cubo;nome;m;s
link;salsicha;nome;f;s
blend;mistura;nome;f;s
formula;fórmula;nome;f;s
preparation;preparado;nome;m;s
supplement;suplemento;nome;m;s
bisque;bisque;nome;f;s
trail mix;mistura de frutos secos;nome;f;s
baking;de forno;expressao;;
breakfast;pequeno-almoço;nome;m;s
pound;quatro quartos;expressao;;
organic;biológico;qualificador;;
processed;processado;qualificador;;
prepackaged;pré-embalado;qualificador;;
pasteurised;pasteurizado;qualificador;;
preserved;conservado;qualificador;;
candied;cristalizado;qualificador;;
coated;coberto;qualificador;;
stir-fried;salteado;qualificador;;
recooked;recozinhado;qualificador;;
pearled;perlado;qualificador;;
immature;verde;qualificador;;
curly;frisado;qualificador;;
chunky;aos pedaços;expressao;;
crunchy;estaladiço;qualificador;;
lightly;ligeiramente;expressao;;
golden;dourado;qualificador;;
grey;cinzento;qualificador;;
pure;puro;qualificador;;
choice;de qualidade;expressao;;
higher;mais alto;expressao;;
lower;mais baixo;expressao;;
minimum;mínimo;expressao;;
less;menos;expressao;;
new;novo;qualificador;;
other;outro;qualificador;;
any;qualquer;expressao;;
species;espécie;nome;f;s
moisture;humidade;nome;f;s
fortification;enriquecimento;nome;m;s
fortified;enriquecido;qualificador;;
vitamin;vitamina;nome;f;s
sugar-free;sem açúcar;expressao;;
shelf stable;de longa duração;expressao;;
standard-type;tipo padrão;expressao;;
pudding-type;tipo pudim;expressao;;
toaster-type;de torradeira;expressao;;
cheese-flavor;sabor a queijo;expressao;;
barbecue-flavor;sabor a churrasco;expressao;;
country-style;à moda do campo;expressao;;
asian-style;à moda asiática;expressao;;
asian;asiático;qualificador;;
polish;polaco;qualificador;;
swedish;sueco;qualificador;;
atlantic;atlântico;qualificador;;
northern;do norte;expressao;;
mediterranean;mediterrânico;qualificador;;
tropical;tropical;qualificador;;
rainbow;arco-íris;expressao;;
polar;polar;qualificador;;
spiny;espinhoso;qualificador;;
glandless;sem glândulas;expressao;;
partly skimmed;meio-gordo;qualificador;;

# Idiomas: o inglês diz «corações de palma» e o português diz palmito.
hearts of palm;palmito;nome;m;s
palm heart;palmito;nome;m;s

# ============================================================== quinto lote (2026-08-24)

# ------------------------------------------------------------------------ peixe e marisco
clam;amêijoa;nome;f;s
mollusks;moluscos;nome;m;p
crustacean;crustáceo;nome;m;s
octopus;polvo;nome;m;s
prawn;gamba;nome;f;s
shark;tubarão;nome;m;s
pike;lúcio;nome;m;s
mullet;tainha;nome;f;s
burbot;lota;nome;f;s
menhaden;menhaden;nome;m;s
grenadier;granadeiro;nome;m;s
angelfish;peixe-anjo;nome;m;s
lemon sole;solha-limão;nome;f;s
shell;casca;nome;f;s
paupiette;rolinho;nome;m;s

# ---------------------------------------------------------------------- carne e enchidos
capon;capão;nome;m;s
oxtail;rabo de boi;nome;m;s
cheek;faceira;nome;f;s
shank;chambão;nome;m;s
heifer;novilha;nome;f;s
kid;cabrito;nome;m;s
frog;rã;nome;f;s
luncheon;fiambre de refeição;nome;m;s
frankfurters;salsichas de Frankfurt;nome;f;p
chipolata;chipolata;nome;f;s
hotdog;cachorro-quente;nome;m;s
morteaux;salsicha de Morteaux;nome;f;s
aspic;geleia de carne;nome;f;s
skin;pele;nome;f;s
eggs;ovos;nome;m;p
broilers;frangos de carne;nome;m;p
fryers;frangos de assar;nome;m;p

# ------------------------------------------------------------------- legumes, fruta, grão
endive;endívia;nome;f;s
sorrel;azeda;nome;f;s
kohlrabi;couve-rábano;nome;f;s
cardoon;cardo;nome;m;s
chervil;cerefólio;nome;m;s
basil;manjericão;nome;m;s
horseradish;rábano-picante;nome;m;s
gherkin;pepino de conserva;nome;m;s
onions;cebolas;nome;f;p
bamboo;bambu;nome;m;s
butternut;abóbora-manteiga;nome;f;s
jerusalem artichoke;tupinambo;nome;m;s
manioc;mandioca;nome;f;s
durian;durião;nome;m;s
papaya;papaia;nome;f;s
passion fruit;maracujá;nome;m;s
currant;groselha;nome;f;s
currants;groselhas;nome;f;p
berry;baga;nome;f;s
berries;bagas;nome;f;p
dates;tâmaras;nome;f;p
ginkgo;ginkgo;nome;m;s
carob;alfarroba;nome;f;s
basmati;basmati;expressao;;
khorasan;khorasan;expressao;;
leaves;folhas;nome;f;p
cob;maçaroca;nome;f;s
hulled;descascado;qualificador;;
husked;sem casca;expressao;;
split;partido;qualificador;;

# ------------------------------------------------------------------------------- queijos
parmesan;parmesão;nome;m;s
roquefort;queijo roquefort;nome;m;s
muenster;queijo muenster;nome;m;s
monterey;queijo monterey;nome;m;s
maasdam-type;tipo maasdam;expressao;;
maroilles;queijo maroilles;nome;m;s
crottin;crottin;nome;m;s
whey;soro de leite;nome;m;s
milkfat;gordura do leite;nome;f;s
evaporated;evaporado;qualificador;;
cultured;fermentado;qualificador;;
whipped;batido;qualificador;;
matured;curado;qualificador;;
low-moisture;de baixa humidade;expressao;;

# --------------------------------------------------------------------------- doces e pão
eclair;eclair;nome;m;s
brownie;brownie;nome;m;s
ladyfingers;palitos de la reine;nome;m;p
angelfood;pão-de-anjo;nome;m;s
coffeecake;bolo de café;nome;m;s
cornbread;broa de milho;nome;f;s
focaccia;focaccia;nome;f;s
lasagna;lasanha;nome;f;s
buche;tronco de Natal;nome;m;s
kouign amann;kouign-amann;nome;m;s
marshmallow;marshmallow;nome;m;s
fructose;frutose;nome;f;s
saccharin;sacarina;nome;f;s
aspartame;aspartame;nome;m;s
maple;ácer;nome;m;s
jams;doces;nome;m;p
preserves;compotas;nome;f;p
fillings;recheios;nome;m;p
frosted;com cobertura;expressao;;
sugared;açucarado;qualificador;;
glazed;glaceado;qualificador;;
creme-filled;com recheio de creme;expressao;;
crisped;tostado;qualificador;;
double-acting;de dupla ação;expressao;;
cinnamon-raisin;canela e passas;expressao;;
chocolate-flavored;sabor a chocolate;expressao;;
lemonade-flavor;sabor a limonada;expressao;;
nacho-flavor;sabor a nachos;expressao;;
carob-flavor;sabor a alfarroba;expressao;;
bits;pedacinhos;nome;m;p
fritters;filhós;nome;f;p

# ----------------------------------------------------------------------- pratos e molhos
hummus;húmus;nome;m;s
miso;miso;nome;m;s
gumbo;gumbo;nome;m;s
bechamel;béchamel;nome;m;s
teriyaki;teriyaki;expressao;;
ranch;ranch;expressao;;
caesar;césar;expressao;;
catsup;ketchup;nome;m;s
salsa;molho salsa;nome;m;s
o'brien;à O'Brien;expressao;;
duchesse;duquesa;expressao;;
dauphine;dauphine;expressao;;
noisette;avelã;expressao;;
jus;molho de assado;nome;m;s
o brien;à O'Brien;expressao;;

# ------------------------------------------------------------------------ estados e mais
smooth;liso;qualificador;;
smoothie;batido;nome;m;s
serve;servir;expressao;;
warm;morno;qualificador;;
oven-roasted;assado no forno;qualificador;;
dry-grilled;grelhado a seco;qualificador;;
cubed;aos cubos;expressao;;
flaked;em lascas;expressao;;
individual;individual;qualificador;;
household;caseiro;qualificador;;
commercial;comercial;qualificador;;
gourmet;gourmet;expressao;;
ordinary;comum;qualificador;;
incomplete;incompleto;qualificador;;
infant;para lactentes;expressao;;
follow-on;de transição;expressao;;
non-alcoholic;sem álcool;expressao;;
inside;interior;qualificador;;
old;velho;qualificador;;
winter;de inverno;expressao;;
short;curto;qualificador;;
double;duplo;qualificador;;
extra;extra;expressao;;
only;só;expressao;;
brand;marca;nome;f;s
label;rótulo;nome;m;s
cones;cones;nome;m;p
tray;tabuleiro;nome;m;s
pot;boião;nome;m;s
tub;copo;nome;m;s
iodine;iodo;nome;m;s
cholesterol;colesterol;nome;m;s
linoleic;linoleico;qualificador;;
acid;ácido;nome;m;s
low-fat;magro;qualificador;;
low-sodium;com pouco sódio;expressao;;
low-carbohydrate;com poucos hidratos;expressao;;
lite;light;expressao;;
wheat-based;à base de trigo;expressao;;
milk powder;leite em pó;nome;m;s
marmalade or jam;marmelada ou doce;nome;f;s
meat and vegetables;carne e legumes;nome;f;s
macaroni and cheese;macarrão com queijo;nome;m;s
melba toast;tosta melba;nome;f;s
grissini or bread stick;grissini;nome;m;s
mixed salad with raw vegetables;salada mista de legumes crus;nome;f;s
mix of chicory and coffee;mistura de chicória e café;nome;f;s
canned entree;prato principal em conserva;nome;m;s
dry powder;pó seco;nome;m;s
ice type;tipo gelo;expressao;;
club;club;expressao;;

# ============================================================== sexto lote (2026-08-24)

# --------------------------------------------------------------------- legumes e tubérculos
parsnip;pastinaca;nome;f;s
rutabaga;rutabaga;nome;f;s
swede;nabo-sueco;nome;m;s
sauerkraut;chucrute;nome;m;s
portabella;cogumelo portobelo;nome;m;s
alfalfa;alfafa;nome;f;s
amaranth;amaranto;nome;m;s
tuber;tubérculo;nome;m;s
skins;cascas;nome;f;p
relish;relish;nome;m;s
pickle;pickle;nome;m;s
scorpionfish;rascasso;nome;m;s
snail;caracol;nome;m;s
whelk;búzio;nome;m;s
snapper;pargo;nome;m;s
sablefish;peixe-carvão;nome;m;s
sturgeon;esturjão;nome;m;s
yellowfin;albacora;nome;f;s
soba;soba;nome;f;s
somen;somen;nome;f;s

# ------------------------------------------------------------------------ fruta e sementes
persimmon;dióspiro;nome;m;s
tamarind;tamarindo;nome;m;s
acerola;acerola;nome;f;s
avocado;abacate;nome;m;s
seedless;sem grainhas;expressao;;
sun-dried;seco ao sol;expressao;;
sulfured;sulfurado;qualificador;;
saffron;açafrão;nome;m;s
rosemary;alecrim;nome;m;s
thyme;tomilho;nome;m;s
tarragon;estragão;nome;m;s
savory;segurelha;nome;f;s
caraway;alcaravia;nome;f;s
cardamom;cardamomo;nome;m;s
cloves;cravinho;nome;m;s
anise;anis;nome;m;s
pollen;pólen;nome;m;s
agave;agave;nome;f;s
agar;ágar;nome;m;s
safflower;cártamo;nome;m;s
canola;canola;nome;f;s
sterols;esteróis;nome;m;p
isolate;isolado;nome;m;s

# --------------------------------------------------------------------------- carne e peixe
pastrami;pastrami;nome;m;s
cervelat;cervelas;nome;m;s
ribs;costelas;nome;f;p
spare-ribs;entrecosto;nome;m;s
rack;carré;nome;m;s
mignon;mignon;expressao;;
hanger;fraldinha;nome;f;s
boar;javali;nome;m;s
roebuck;corço;nome;m;s
game;caça;nome;f;s
stewing;para guisar;expressao;;
trimming;aparas;nome;f;p
back;lombo;nome;m;s
foot;pé;nome;m;s
top;topo;nome;m;s
virginia;Virgínia;expressao;;
toulouse;de Toulouse;expressao;;
strasbourg;de Estrasburgo;expressao;;

# ------------------------------------------------------------------------------- queijos
reblochon;queijo reblochon;nome;m;s
washed-rind;de casca lavada;expressao;;
part skim;meio-gordo;qualificador;;
skim;magro;qualificador;;
nigari;nigari;nome;m;s
koyadofu;tofu seco;nome;m;s
yoghurt;iogurte;nome;m;s
taramasalata;taramasalata;nome;f;s
tzatziki;tzatziki;nome;m;s
remoulade;molho remoulade;nome;m;s
pistou;pistou;nome;m;s

# ------------------------------------------------------------------------ pão e pastelaria
pretzels;pretzels;nome;m;p
pumpernickel;pão preto;nome;m;s
popovers;popovers;nome;m;p
bagel;bagel;nome;m;s
rosti;rosti;nome;m;s
baba;babá;nome;m;s
scalloped;gratinado;qualificador;;
scrambled;mexido;qualificador;;
unbaked;por assar;expressao;;
unblanched;não branqueado;expressao;;
undiluted;não diluído;expressao;;
unfortified;não enriquecido;expressao;;
yeast-leavened;levedado;qualificador;;
parboiled;pré-cozido;qualificador;;
pre-packed;pré-embalado;qualificador;;
pressurized;sob pressão;expressao;;
semisweet;meio-doce;qualificador;;
semi-thick;semiespesso;qualificador;;
semi-wholewheat;meio-integral;qualificador;;
spiced;especiado;qualificador;;
tender;tenro;qualificador;;
traditional;tradicional;qualificador;;
seasoned;temperado;qualificador;;
air-popped;sem óleo;expressao;;
caramel-coated;coberto de caramelo;expressao;;
strawberry-flavor;sabor a morango;expressao;;
cranberry-apple;arando e maçã;expressao;;
thousand island;molho mil ilhas;nome;m;s
russian;russo;qualificador;;
oriental;oriental;qualificador;;
pacific;pacífico;qualificador;;
tahitian;taitiano;qualificador;;
valencia;Valência;expressao;;
greenland;Gronelândia;expressao;;
norway;Noruega;expressao;;
alaska;Alasca;expressao;;
brussels-style;à moda de Bruxelas;expressao;;
basque;basco;qualificador;;
savoy;de Sabóia;expressao;;
martinique;Martinica;expressao;;
sampled in the island of la martinique;colhido na Martinica;expressao;;
from la martinique;da Martinica;expressao;;
from savoy;de Sabóia;expressao;;

# ------------------------------------------------------------------------ bebidas e doces
daiquiri;daiquiri;nome;m;s
pina colada;piña colada;nome;f;s
eggnog;gemada;nome;f;s
limeade;limonada de lima;nome;f;s
lime;lima;nome;f;s
shakes;batidos;nome;m;p
brandy;aguardente;nome;f;s
spirit;bebida espirituosa;nome;f;s
cacao;cacau;nome;m;s
solids;sólidos;nome;m;p
protein-fortified;enriquecido com proteína;expressao;;
tabletop;de mesa;expressao;;
municipal;da rede pública;expressao;;
brine;salmoura;nome;f;s
plant;planta;nome;f;s
home;caseiro;qualificador;;
